Panke,KO
Manna,OK
Elis,KO
Mya,KO
Conyza,OK
Samus,OK
Distephanus,OK
Scabiosa,OK
Perseus,KO
Vanda,OK
Xestia,OK
Thyrocopa,OK
Pecten,KO
Senna,KO
Kannemeyeria,OK
Tristerix,OK
Opius dissitus,OK
Musa,KO
Polygonia,OK
Tetraplasandra,OK
Vernonia,OK
Mina,KO
Mimosa,OK
Rupertia,OK
Caralluma,OK
Ussuria,OK
Blastobasis,OK
Hymenocallis tubiflora,OK
Xylophylla,OK
Dirce,KO
Milu,OK
Java,OK
Arthrocnemum,OK
Coeloglossum,OK
Linnaeus,OK
Testudinaria,OK
Kalinga,KO
Pseudodidymocystis,OK
Senecioneae,OK
Terminalia,OK
Terminus,KO
Par,KO
Balladonia,KO
Eugraphe,OK
Chloris,KO
Blasia,OK
Liriomyza huidobrensis,OK
Ligeria,OK
Tentamen,KO
Vitex,OK
Jason,KO
Sequoia,OK
Robinia,OK
Gentiana,OK
Daruma,OK
Coleophora kalmiella,OK
Brassavola,OK
Lithospermum,OK
Arum,OK
Mesorhizobium loti,OK
Antarctica,OK
Canaria,OK
Salvia,OK
Schedonorus,OK
Danae,KO
Synsepalum,OK
Phoebe,KO
Cordaites,OK
Bulbus,KO
Nicaea,KO
Leptosomus discolor,OK
Linda,KO
Claudius,KO
Phoenix,KO
Heracles,OK
Astacus,OK
Tetradium,OK
Sassafras,OK
Asparagus,OK
Arjona,KO
Asclepias,OK
Thespesia,OK
Cheiranthus,OK
Amyntas,KO
Alma,KO
Zeus,KO
Dermatophyllum,OK
Harmonia,KO
Cenostigma,OK
Socotra,OK
Scilla,OK
Vespula germanica,OK
Coluber corallinus,OK
Sauropus,OK
Orbea,KO
Carapichea,OK
Hacquetia,OK
Thlaspi,OK
Pothos,KO
Vernonieae,OK
Armadillo,OK
Triarthron,OK
Helleborine,OK
Trillium,OK
Valia,KO
Anopheles,OK
Bursa,KO
Tarquinius,KO
Dictyosphaeria,OK
Syagrus,OK
Caina,KO
Veratrum,OK
Sphagnum,OK
Ravenna,KO
Thor,OK
Eros,KO
Endoclita malabaricus,OK
Rebutia,OK
Cyathea,OK
Enantia,OK
Daintree,KO
K. oralis,OK
Andes,OK
Dacrydium,OK
Sardinia,OK
Rigiopappus,OK
Lycaon,OK
Hydrodictyon,OK
Diplocalyx calotermitidis,OK
Lithodora,OK
Inula,OK
Paxton,KO
Reynoldsia,OK
Molucca,OK
Kochia,OK
Lucina,OK
Orchis,OK
Pseudomonas syringae,OK
Chaetomorpha,OK
Pauridiantha,OK
Maya,OK
Malesia,OK
Schefflera,OK
Mammuthus,OK
Olympus,KO
Paliurus,OK
Sinningia,OK
Vania,KO
Xanthos,KO
Ulea,KO
Staurodesmus,OK
Hydrastis,OK
Thevetia,OK
Cadmus,KO
Atticus,KO
M. loti,OK
Umbellularia,OK
Jericho,KO
Smilax,OK
Caligo beltrao,OK
Prodromus,KO
Erinna,KO
Hemistomia,OK
Proterhinus,KO
Stanhopea,OK
Panax,OK
Sthenopis auratus,OK
Hosea,KO
Valsa,OK
Quechua,KO
Leto,KO
Apulia,OK
Cordaicarpus,OK
Telfairia,OK
Tinantia,OK
Diora,KO
Melanesia,OK
Thalassia,KO
K. denitrificans,OK
Manga,KO
Scheffler,KO
